Workbook

Sheet Summary
A1: AILA CRM – Ready-to-sale v1: development effort estimate
A2: Blue = editable input. Change hours on the Features / Server Setup tabs or the yellow cells here; everything recalculates.
A4: Module | B4: Backend (h) | C4: Frontend (h) | D4: QA (h) | E4: Total (h)
A5: 1. Identity, Workspace & Team | B5: =SUMIFS(Features!$C$2:$C$38,Features!$A$2:$A$38,$A5) -> 34 | C5: =SUMIFS(Features!$D$2:$D$38,Features!$A$2:$A$38,$A5) -> 22 | D5: =SUMIFS(Features!$E$2:$E$38,Features!$A$2:$A$38,$A5) -> 11 | E5: =SUMIFS(Features!$F$2:$F$38,Features!$A$2:$A$38,$A5) -> 67
A6: 2. Contacts | B6: =SUMIFS(Features!$C$2:$C$38,Features!$A$2:$A$38,$A6) -> 51 | C6: =SUMIFS(Features!$D$2:$D$38,Features!$A$2:$A$38,$A6) -> 47 | D6: =SUMIFS(Features!$E$2:$E$38,Features!$A$2:$A$38,$A6) -> 17 | E6: =SUMIFS(Features!$F$2:$F$38,Features!$A$2:$A$38,$A6) -> 115
A7: 3. Companies | B7: =SUMIFS(Features!$C$2:$C$38,Features!$A$2:$A$38,$A7) -> 13 | C7: =SUMIFS(Features!$D$2:$D$38,Features!$A$2:$A$38,$A7) -> 16 | D7: =SUMIFS(Features!$E$2:$E$38,Features!$A$2:$A$38,$A7) -> 5 | E7: =SUMIFS(Features!$F$2:$F$38,Features!$A$2:$A$38,$A7) -> 34
A8: 4. Pipeline & Deals | B8: =SUMIFS(Features!$C$2:$C$38,Features!$A$2:$A$38,$A8) -> 27 | C8: =SUMIFS(Features!$D$2:$D$38,Features!$A$2:$A$38,$A8) -> 35 | D8: =SUMIFS(Features!$E$2:$E$38,Features!$A$2:$A$38,$A8) -> 11 | E8: =SUMIFS(Features!$F$2:$F$38,Features!$A$2:$A$38,$A8) -> 73
A9: 5. Follow-up (Activities & Tasks) | B9: =SUMIFS(Features!$C$2:$C$38,Features!$A$2:$A$38,$A9) -> 26 | C9: =SUMIFS(Features!$D$2:$D$38,Features!$A$2:$A$38,$A9) -> 32 | D9: =SUMIFS(Features!$E$2:$E$38,Features!$A$2:$A$38,$A9) -> 9 | E9: =SUMIFS(Features!$F$2:$F$38,Features!$A$2:$A$38,$A9) -> 67
A10: 6. Home Dashboard | B10: =SUMIFS(Features!$C$2:$C$38,Features!$A$2:$A$38,$A10) -> 11 | C10: =SUMIFS(Features!$D$2:$D$38,Features!$A$2:$A$38,$A10) -> 9 | D10: =SUMIFS(Features!$E$2:$E$38,Features!$A$2:$A$38,$A10) -> 4 | E10: =SUMIFS(Features!$F$2:$F$38,Features!$A$2:$A$38,$A10) -> 24
A11: 7. Integrations | B11: =SUMIFS(Features!$C$2:$C$38,Features!$A$2:$A$38,$A11) -> 5 | C11: =SUMIFS(Features!$D$2:$D$38,Features!$A$2:$A$38,$A11) -> 3 | D11: =SUMIFS(Features!$E$2:$E$38,Features!$A$2:$A$38,$A11) -> 1 | E11: =SUMIFS(Features!$F$2:$F$38,Features!$A$2:$A$38,$A11) -> 9
A12: 8. AI | B12: =SUMIFS(Features!$C$2:$C$38,Features!$A$2:$A$38,$A12) -> 57 | C12: =SUMIFS(Features!$D$2:$D$38,Features!$A$2:$A$38,$A12) -> 23 | D12: =SUMIFS(Features!$E$2:$E$38,Features!$A$2:$A$38,$A12) -> 17 | E12: =SUMIFS(Features!$F$2:$F$38,Features!$A$2:$A$38,$A12) -> 97
A13: Feature development subtotal | B13: =SUM(B5:B12) -> 224 | C13: =SUM(C5:C12) -> 187 | D13: =SUM(D5:D12) -> 75 | E13: =SUM(E5:E12) -> 486
A15: Other work | E15: Total (h)
A16: Server setup & production go-live (see Server Setup tab) | E16: ='Server Setup'!B8 -> 8
A17: Subtotal | E17: =E13+E16 -> 494
A19: Project management & coordination (% of subtotal) | B19: 0.08 | E19: =ROUND(E17*B19,0) -> 40
A20: Contingency / risk buffer (% of subtotal) | B20: 0.1 | E20: =ROUND(E17*B20,0) -> 49
A21: GRAND TOTAL (hours) | E21: =E17+E19+E20 -> 583
A23: Assumptions
A24: Architecture: one monolithic .NET 10 application (ASP.NET Core API) with an Angular front end, on one Azure server.
A25: Database: SQL Server Express on the same server. No Kafka, Docker, Kubernetes or load balancer.
A26: Scope: Identity & Team, Contacts, Companies, Pipeline & Deals, Follow-up, Home Dashboard, CSV export, AI features, server setup and go-live.
A27: Hours are effort estimates per feature (backend, frontend, QA); project management 8% and contingency 10% are adjustable.
A28: Not included in this estimate: discovery & architecture, UI/UX design, billing & go-to-market, system testing & UAT, hardening.
A29: Also not in v1: outbound HubSpot/Brevo sync, lead brief, native mobile apps, data migration, legal text, marketing website, post-launch support.
A30: Running costs (Azure, Claude Max) are on the Monthly Cost tab.

Sheet Features
A1: Module | B1: Feature | C1: Backend (h) | D1: Frontend (h) | E1: QA (h) | F1: Total (h) | G1: Notes
A2: 1. Identity, Workspace & Team | B2: Sign up, login, email verification, password reset | C2: 8 | D2: 5 | E2: 3 | F2: =SUM(C2:E2) -> 16 | G2: ASP.NET Core Identity + ready templates
A3: 1. Identity, Workspace & Team | B3: Workspace / org (multi-tenant data isolation) | C3: 10 | D3: 4 | E3: 3 | F3: =SUM(C3:E3) -> 17 | G3: EF Core global tenant filter in one database
A4: 1. Identity, Workspace & Team | B4: Roles: Admin vs Member | C4: 6 | D4: 4 | E4: 2 | F4: =SUM(C4:E4) -> 12
A5: 1. Identity, Workspace & Team | B5: Invite teammates | C5: 6 | D5: 5 | E5: 2 | F5: =SUM(C5:E5) -> 13 | G5: Email invite, accept flow
A6: 1. Identity, Workspace & Team | B6: Assign owners + My leads / deals / tasks filters | C6: 4 | D6: 4 | E6: 1 | F6: =SUM(C6:E6) -> 9
A7: 2. Contacts | B7: Contact list + detail (search, filter, paging) | C7: 8 | D7: 13 | E7: 3 | F7: =SUM(C7:E7) -> 24
A8: 2. Contacts | B8: Create / edit contact | C8: 4 | D8: 6 | E8: 2 | F8: =SUM(C8:E8) -> 12
A9: 2. Contacts | B9: Owner + status | C9: 3 | D9: 3 | E9: 1 | F9: =SUM(C9:E9) -> 7
A10: 2. Contacts | B10: Source tracking (import / scan / manual) | C10: 2 | D10: 2 | E10: 1 | F10: =SUM(C10:E10) -> 5
A11: 2. Contacts | B11: CSV import (column mapping, validation, background job) | C11: 11 | D11: 8 | E11: 3 | F11: =SUM(C11:E11) -> 22 | G11: Fixed column template first, flexible mapping later
A12: 2. Contacts | B12: Scan capture (business card / PDF upload) | C12: 11 | D12: 8 | E12: 3 | F12: =SUM(C12:E12) -> 22 | G12: Business card + PDF only
A13: 2. Contacts | B13: Enrich + classify | C13: 6 | D13: 4 | E13: 2 | F13: =SUM(C13:E13) -> 12 | G13: In-process background job
A14: 2. Contacts | B14: Basic dedupe (detect + merge) | C14: 6 | D14: 3 | E14: 2 | F14: =SUM(C14:E14) -> 11 | G14: Detect on create / import, simple merge
A15: 3. Companies | B15: Create / list / detail | C15: 6 | D15: 10 | E15: 3 | F15: =SUM(C15:E15) -> 19
A16: 3. Companies | B16: Link contacts (auto by email domain when possible) | C16: 3 | D16: 3 | E16: 1 | F16: =SUM(C16:E16) -> 7 | G16: Direct call on save, same database
A17: 3. Companies | B17: Company search | C17: 4 | D17: 3 | E17: 1 | F17: =SUM(C17:E17) -> 8
A18: 4. Pipeline & Deals | B18: One default pipeline + stages | C18: 4 | D18: 2 | E18: 1 | F18: =SUM(C18:E18) -> 7
A19: 4. Pipeline & Deals | B19: Deals with value, owner, dates, contact / company | C19: 9 | D19: 10 | E19: 3 | F19: =SUM(C19:E19) -> 22
A20: 4. Pipeline & Deals | B20: Kanban board (drag and drop) | C20: 4 | D20: 11 | E20: 3 | F20: =SUM(C20:E20) -> 18 | G20: Angular CDK drag-drop
A21: 4. Pipeline & Deals | B21: Deal list view | C21: 2 | D21: 6 | E21: 1 | F21: =SUM(C21:E21) -> 9
A22: 4. Pipeline & Deals | B22: Move stages + stage history | C22: 5 | D22: 3 | E22: 2 | F22: =SUM(C22:E22) -> 10
A23: 4. Pipeline & Deals | B23: Won / lost | C23: 3 | D23: 3 | E23: 1 | F23: =SUM(C23:E23) -> 7
A24: 5. Follow-up (Activities & Tasks) | B24: Notes | C24: 4 | D24: 5 | E24: 1 | F24: =SUM(C24:E24) -> 10
A25: 5. Follow-up (Activities & Tasks) | B25: Log call / meeting | C25: 5 | D25: 5 | E25: 2 | F25: =SUM(C25:E25) -> 12
A26: 5. Follow-up (Activities & Tasks) | B26: Tasks (due date, assignee, related record) | C26: 8 | D26: 9 | E26: 3 | F26: =SUM(C26:E26) -> 20
A27: 5. Follow-up (Activities & Tasks) | B27: My due / overdue | C27: 3 | D27: 4 | E27: 1 | F27: =SUM(C27:E27) -> 8
A28: 5. Follow-up (Activities & Tasks) | B28: Timeline on contact & deal | C28: 6 | D28: 9 | E28: 2 | F28: =SUM(C28:E28) -> 17 | G28: Direct SQL query, no separate read model
A29: 6. Home Dashboard | B29: New leads widget | C29: 3 | D29: 3 | E29: 1 | F29: =SUM(C29:E29) -> 7
A30: 6. Home Dashboard | B30: Open pipeline value widget | C30: 3 | D30: 3 | E30: 1 | F30: =SUM(C30:E30) -> 7
A31: 6. Home Dashboard | B31: Tasks due + overdue widget | C31: 2 | D31: 3 | E31: 1 | F31: =SUM(C31:E31) -> 6
A32: 6. Home Dashboard | B32: Dashboard queries (SQL views) | C32: 3 | D32: 0 | E32: 1 | F32: =SUM(C32:E32) -> 4 | G32: Plain SQL views in the same database
A33: 7. Integrations | B33: Reliable CSV export (contacts, companies, deals) | C33: 5 | D33: 3 | E33: 1 | F33: =SUM(C33:E33) -> 9
A34: 8. AI | B34: AI service foundation (Azure OpenAI client, prompts, usage metering) | C34: 13 | D34: 0 | E34: 3 | F34: =SUM(C34:E34) -> 16
A35: 8. AI | B35: Capture AI (extract / enrich / classify prompts + evaluation) | C35: 13 | D35: 3 | E35: 4 | F35: =SUM(C35:E35) -> 20
A36: 8. AI | B36: Follow-up email draft | C36: 6 | D36: 6 | E36: 2 | F36: =SUM(C36:E36) -> 14
A37: 8. AI | B37: CRM assistant chatbot (chat UI, record lookup tools) | C37: 17 | D37: 10 | E37: 5 | F37: =SUM(C37:E37) -> 32 | G37: Read-only record lookup
A38: 8. AI | B38: Prompted reports via assistant | C38: 8 | D38: 4 | E38: 3 | F38: =SUM(C38:E38) -> 15 | G38: 5 predefined report prompts in v1
A39: Total | C39: =SUM(C2:C38) -> 224 | D39: =SUM(D2:D38) -> 187 | E39: =SUM(E2:E38) -> 75 | F39: =SUM(F2:F38) -> 486

Sheet Server Setup
A1: Server setup & go-live task | B1: Hours
A2: Azure server (B2ms Linux), network, static IP | B2: 1.5
A3: SQL Server Express install and configuration | B3: 1.5
A4: Nginx web server + free SSL certificate | B4: 1
A5: Build and deploy pipeline (GitHub Actions) | B5: 2
A6: Azure Backup + basic monitoring alerts | B6: 1
A7: Production go-live + smoke test | B7: 1
A8: Total | B8: =SUM(B2:B7) -> 8

Sheet Monthly Cost
A1: Monthly running cost (USD)
A2: Azure list prices, Southeast Asia (Singapore), Azure Retail Prices API, Oct 2026. Domain name is costed separately.
A4: Azure infrastructure | B4: Choice | C4: Price basis | D4: Monthly ($)
A5: Azure server | B5: B2ms Linux, 2 vCPU, 8 GB RAM | C5: 0.106 per hour x 730 h | D5: =0.106*730 -> 77.38
A6: Server disk | B6: 128 GB Standard SSD (E10) | C6: fixed monthly | D6: 9.6
A7: Static public IP | B7: Standard, 1 address | C7: 0.005 per hour x 730 h | D7: =0.005*730 -> 3.65
A8: SQL Server | B8: Express edition on the same server | C8: free edition | D8: 0
A9: Backup | B9: Azure Backup, 1 server + ~64 GB stored | C9: $10 per server + $0.0224/GB | D9: =10+64*0.0224 -> 11.4336
A10: .NET 10, Angular, Nginx, SSL | B10: Open source / free certificate | C10: no licence | D10: 0
A11: Azure infrastructure total | D11: =SUM(D5:D10) -> 102.0636
A13: Developer tooling (separate from Azure infrastructure)
A14: Claude Max, price per developer per month | D14: 100
A16: Developers | D16: Claude Max monthly ($)
A17: 1 | D17: =A17*$D$14 -> 100
A18: 2 | D18: =A18*$D$14 -> 200
A19: 3 | D19: =A19*$D$14 -> 300
A20: 4 | D20: =A20*$D$14 -> 400
A21: 5 | D21: =A21*$D$14 -> 500
A23: Source: claude.com/pricing (Max plan from $100/month, includes Claude Code), checked Oct 2026.
